"content","banner","categories","updatedAt","authorId","createdAt","id","url","ownerId","title"
"In this post I will explore 4 different methods that can be used to pass configuration values to the AWS CDK.",,"[{""S"":""AWS-CDK""}]","2024-06-16T20:29:30.220Z","01EV69ZSM0K7CPE40S7EQKHEAV","2021-01-24T18:00:00.000Z","01EWTRTY80K3XSPFAXZR0PP0Y2","https://www.rehanvdm.com/aws/4-methods-to-configure-multiple-environments-in-the-aws-cdk/index.html?utm_source=cdk-dev","1","4 Methods to configure multiple environments in the AWS CDK"
"In this post, we explain how to define the infrastructure required to host a web application using CDK and TypeScript.",,"[{""S"":""AWS-CDK""},{""S"":""TypeScript""},{""S"":""S3""},{""S"":""CloudFront""}]","2024-06-16T20:29:49.453Z","01GQ0VY1R0BKX554PHCHP16KDC","2023-01-17T22:00:00.000Z","01GQ0VY1R0S0M53SBB8YQ0HW7K","https://volca.io/blog/webapp-cdk","1","Web application hosting using AWS CDK and TypeScript"
"This post will present you five different ways to bundle your Lambda function within a CDK construct and tells you about the advantages and disadvantages of each option.",,"[{""S"":""AWS-CDK""},{""S"":""Lambda""}]","2024-06-16T20:29:29.926Z","01EV69ZSM0ND04QMQ2MR2G1GYA","2021-01-16T18:00:00.000Z","01EW65N680M15R9D6HH320X9G7","https://www.sebastianhesse.de/2021/01/16/5-ways-to-bundle-a-lambda-function-within-an-aws-cdk-construct/","1","5 Ways To Bundle a Lambda Function Within an AWS CDK Construct"
"I will guide you through a small demo project to demonstrate how to build a serverless application with AWS CDK and test it locally with AWS SAM.",,"[{""S"":""AWS-CDK""},{""S"":""AWS-SAM""}]","2024-06-16T20:29:38.886Z","01EV69ZSM0C5773B089YGEX7VX","2021-05-21T12:00:00.000Z","01F67CQVG0DN70EDS6RDYA8ZT5","https://dev.to/aws-builders/build-serverless-applications-using-cdk-and-sam-4oig","1","Build Serverless Applications using CDK and SAM"
"CDK Serverless is a tool suite to facilitate the use of the AWS Cloud Development Kit (CDK) in serverless architectures. It provides project management features to configure your TypeScript CDK app and also higher-level (L3) constructs for different APIs and resources needed for serverless applications.",,"[{""S"":""AWS-CDK""}]","2024-06-16T20:29:36.090Z","01EV69ZSM0MM6EBAYQYT89EFVG","2021-04-20T17:00:00.000Z","01F3R3JWM0ZHB1Q2PRSSDND5P0","https://www.youtube.com/watch?v=GGc0eg3E9MM","1","Introduction to the CDK Serverless tool suite"
"We will see how to use OpenAI along with AWS Serverless Services to build a meal planner application","content/banners/ai-powered-and-serverless-meal-planner-with-open-ai-stepfunctions-and-cdk/banner.png","[{""S"":""AWS-CDK""},{""S"":""Step functions""},{""S"":""Lambda""},{""S"":""SES""},{""S"":""OpenAI""}]","2024-06-16T20:29:51.642Z","01GRRZGHM06WWJQC041V8524CT","2023-03-15T06:00:00.000Z","01GVHXN6R0VM681MVJ9DXJN2WW","https://medium.com/gitconnected/building-an-ai-powered-and-serverless-meal-planner-with-openai-aws-step-functions-aws-lambda-ce45c45794cc","1","Building an AI powered and Serverless meal planner with OpenAI, AWS Step functions, AWS Lambda and CDK"
"The AWS CDK makes it easy to deploy your application, regardless if it consists of multiple stacks that are deployed in multiple accounts and regions. Even assets are not a problem. But in your pipeline, you might need some more control over what happens when. And you should understand what happens under the hood. Why?","content/banners/hey-cdk-how-to-cross-account-deployments/banner.png","[{""S"":""AWS-CDK""},{""S"":""Bootstrap""},{""S"":""Cross Account""}]","2024-06-16T20:29:48.903Z","01G9J033R0F33Y6CCAC4C0RBK7","2022-08-03T14:00:00.000Z","01G9J033R0VFHV97G7BF5RJZKM","https://garbe.io/blog/2022/08/01/hey-cdk-how-to-cross-account-deployments/","1","Hey CDK, how do cross-account deployments work?"
"This extension adds L1 construct snippets from AWS CDK into Visual Studio Code.",,"[{""S"":""AWS-CDK""}]","2024-06-16T20:29:38.594Z","01G9Q1EP40BTK0MJYMYYAYCC7C","2021-05-18T17:00:00.000Z","01F606Q0M08ETZ9H9HTP47PSW9","https://towardsthecloud.com/autocomplete-aws-cdk-constructs-vscode","1","Autocomplete AWS CDK L1 Constructs in VS Code"
"In this post I am extending the existing example to build a demo Flutter application for Web, Android and iOS. The CDK code will be in Java, the Lambda functions in Typescript and the WebApp in Dart. Why? Because I love trying out things.","content/banners/flutter-android-ios-deployment-using-cdk-pipelines/header.png","[{""S"":""AWS-CDK""},{""S"":""TypeScript""},{""S"":""Developer Experience""},{""S"":""Java""},{""S"":""Codepipeline""},{""S"":""Android""},{""S"":""iOS""}]","2024-06-16T20:29:47.029Z","01G4F10SC04QEH5J1AY5YXM59V","2022-06-13T16:00:00.000Z","01G5EWP6006BBKVCFV1347MCPF","https://www.lockhead.info/index.php/2022/06/13/building-a-flutter-application-for-web-ios-and-android-using-a-ci-cd-pipeline-on-codebuild-cdk4j/","1","Building a Flutter application (for Web, Android and iOS) with AWS Lambda Function URL backend using AWS CDK Pipelines (written in Java) and CodeMagic"
"In this post Borislav explains how to bundle your Typescript lambda functions.",,"[{""S"":""AWS-CDK""}]","2024-06-16T20:29:36.820Z","01EV69ZSM0N4HZ5YZ994ZBW5F2","2021-04-21T12:00:00.000Z","01F3T4T9G06XPW4V3Q4Y475PXP","https://bobbyhadz.com/blog/aws-cdk-typescript-lambda","1","Write TypeScript Lambda functions in AWS CDK - Complete Guide"
"Work around CloudFormation limitation using NestedStack, and at the same time, keeping the logic of the component!.","content/banners/aws-cdk-structure-components/header.png","[{""S"":""AWS-CDK""},{""S"":""Python""},{""S"":""CloudFormation""},{""S"":""NestedStack""}]","2024-06-16T20:29:18.912Z","01E20JEHW0M8YH778FCKWYMXB9","2020-02-26T11:00:00.000Z","01E20JEHW0EAWBN8D0EJJXQBVA","https://www.sentiatechblog.com/aws-cdk-structure-components","1","A better way to structure AWS CDK projects around Nested Stacks"
"December was an exciting month for CDK! Jason Fulghum delivered an AWS re:Invent presentation on how CDK has changed over the past year and what customers can expect in the next year. The highlight of this talk was the alpha release of CDK v2.",,"[{""S"":""AWS-CDK""}]","2024-06-16T20:29:29.667Z","01EV69ZSM0F1N6FP6WGR7QXXVV","2021-01-14T18:00:00.000Z","01EW10VR805CS1ZCJE0HG42D9J","https://aws.amazon.com/blogs/devops/cdk-corner-january-2020/","1","CDK Corner – January 2021"
"Projen is the CDK for software projects.","content/banners/projen-the-next-cdk-suprise/banner.png","[{""S"":""AWS-CDK""},{""S"":""Typescript""},{""S"":""JSII""},{""S"":""Projen""}]","2024-06-16T20:29:28.818Z","01EV6RZH60MP3QQ79NXAN06PVY","2021-01-04T13:22:00.000Z","01EV6RZH60CDA9R4H46Q5KP39Q","https://dev.to/aws-builders/projen-the-next-cdk-suprise-13b2","1","Projen: The Next CDK Surprise!"
"The Slack Integration Every Dev Team Needs",,"[{""S"":""AWS-CDK""},{""S"":""Lambda""},{""S"":""Typescript""},{""S"":""Github""},{""S"":""CI/CD""}]","2024-06-16T20:29:53.649Z","01EV69ZSM0J75DZJRFEY8PNKSB","2023-08-21T12:00:00.000Z","01H8BZENG0YSMFGWVZ5X7TVEJE","https://matt.martz.codes/cdk-slackbot","1","From Code to Conversation: Bridging GitHub Actions and Slack with CDK"
"Students should learn AWS CDK for their career and it is the most powerful tools in AWS! This post tells you the trick to run AWS CDK in AWS Academy Learner Lab and learn AWS CDK for free!",,"[{""S"":""AWS-CDK""},{""S"":""typescript""},{""S"":""awsacademy""}]","2024-06-16T20:29:44.442Z","01G2J6CA00K4RY23XZFM12C3WP","2022-05-07T12:00:00.000Z","01G2F684G087XDNDM49XVKXM81","https://www.linkedin.com/pulse/aws-cdk-hack-academy-learner-lab-wong-chun-yin-cyrus-%25E9%25BB%2583%25E4%25BF%258A%25E5%25BD%25A5-/","1","AWS CDK Hack for AWS Academy Learner Lab"
"AWS CDK has been great for us and our readers over on Serverless Stack. But the local development experience for Lambda isn't great. To fix this we created a Live Lambda Development environment in SST. SST makes it easier to build serverless apps by allowing you to work on your Lambda functions locally while connecting to your deployed resources.",,"[{""S"":""AWS-CDK""},{""S"":""Serverless""}]","2024-06-16T20:29:31.257Z","01EKCMVY80M8255JD8Y4DV29AH","2021-01-26T11:00:00.000Z","01EWZ5KAW0JZNFWHGD8XK19G10","https://dev.to/aws-builders/work-on-your-lambda-functions-live-51cp","1","Work on your Lambda functions live"
"The AWS Cloud Development Kit (AWS CDK) v2 is now available for Developer Preview in TypeScript, Python, Java, C#, and Go. The AWS CDK is an open-source software development framework to model and provision your cloud application resources using familiar programming languages.",,"[{""S"":""AWS-CDK""}]","2024-06-16T20:29:37.428Z","01EV69ZSM0ANYHA4T4PCBDT01T","2021-04-30T17:00:00.000Z","01F4HVJ2M03JYBVEB2TXPCCG0F","https://aws.amazon.com/blogs/developer/announcing-aws-cloud-development-kit-v2-developer-preview","1","Announcing AWS Cloud Development Kit v2 Developer Preview"
"Make the OpenAPI Spec file the contract between back and frontend by publishing an API SDK as an NPM package. Create visibility with automation by using Slack notifications when the backend pipeline publishes a new SDK.","content/banners/improve-dx-publishing-an-api-sdk-cdk-serverless/header.png","[{""S"":""AWS-CDK""},{""S"":""TypeScript""},{""S"":""Developer Experience""}]","2024-06-16T20:29:44.716Z","01EV69ZSM0K7CPE40S7EQKHEAV","2022-05-17T17:00:00.000Z","01G39FCMM02TJKF0QXDMRRB5RJ","https://www.rehanvdm.com/blog/improve-dx-publishing-an-api-sdk-cdk-serverless/index.html?utm_source=cdk-dev","1","Improve the Developer Experience (DX) by Publishing an API SDK - includes CDK repos"
"Extensibility is king.","content/banners/projen-external-project-types/banner.png","[{""S"":""AWS-CDK""},{""S"":""Typescript""},{""S"":""JSII""},{""S"":""Projen""}]","2024-06-16T20:29:41.570Z","01EV6RZH60MP3QQ79NXAN06PVY","2021-08-30T12:22:00.000Z","01FEBG4QJ0XMTKCA6SJ7BE9GTG","https://dev.to/aws-builders/projen-external-project-types-je","1","Projen - External Project Types"
"Get an ec2 instance running and provision with AWS features","content/banners/coding-virtual-machine-in-the-cloud/banner.png","[{""S"":""AWS-CDK""},{""S"":""Python""},{""S"":""Linux""},{""S"":""Devops""}]","2024-06-16T20:29:26.023Z","01EPRWZZW0MWWB9VD25YXDF0CT","2020-10-28T11:00:00.000Z","01ENQDTMW0HPHCJRY07H3M7R2P","https://dev.to/aws-builders/aws-cdk-coding-a-virtual-machine-in-the-cloud-9de","1","Coding a Virtual Machine in the Cloud"
"How to setup an AWS CDK staging CI/CD Pipeline with BitBucket Pipeline","content/banners/cdk-bitbucket-pipeline/bitbucket.jpg","[{""S"":""AWS-CDK""},{""S"":""Typescript""},{""S"":""BitBucket""}]","2024-06-16T20:29:42.294Z","01EV69ZSM06P6FS4B1H24RXHMJ","2021-10-31T06:00:00.000Z","01FKAEXTR0CWH0WDGEQRBAKGYW","https://martinmueller.dev/cdk-bitbucket-pipeline-eng/","1","A CDK BitBucket Staging Pipeline"
"Tutorial: I built a small web service to put the CDK through its paces. My application has a React frontend that fetches a list of really shitty websites from a Lambda function and saves them in the browser’s IndexedDB, a sort of browser SQL database. ",,"[{""S"":""AWS-CDK""}]","2024-06-16T20:29:30.973Z","01EV69ZSM0AGJPW46GAVRXY12K","2021-01-25T11:00:00.000Z","01EWWK6KW0Z1HXNTNS5FCA89WT","https://spiegelmock.com/2021/01/25/web-services-with-aws-cdk/","1","Web Services with AWS CDK"
"The Starter Project shows how to do configuration management, design for multiple environments and use GitHub Workflows for CI/CD","content/banners/aws-cdk-starter-configuration-multiple-environments-cicd/header.png","[{""S"":""AWS-CDK""},{""S"":""TypeScript""},{""S"":""DevOps""}]","2024-06-16T20:29:55.407Z","01EV69ZSM0K7CPE40S7EQKHEAV","2024-02-25T23:00:00.000Z","01HQH7Y9C03091XBNT0QFG5VQC","https://rehanvdm.com/blog/aws-cdk-starter-configuration-multiple-environments-cicd?utm_source=cdk-dev","1","AWS CDK starter project - Configuration, multiple environments and GitHub CI/CD"
"Today we are going to build a popular solution that uses S3 to host your SQL backup file and import this into your new RDS database.","content/banners/rds-native-backup-and-restore/rds.jpg","[{""S"":""AWS-CDK""},{""S"":""Typescript""},{""S"":""RDS""}]","2024-06-16T20:29:21.408Z","01EKCMVY806EEJN09TXCFPDXNP","2020-09-20T17:00:00.000Z","01EJP7AGM045WSASE08A0JYSCY","https://edwin.hashnode.dev/rds-sql-server-native-backup-and-restore-in-cdk","1","RDS SQL Server - Native Backup and Restore in CDK"
"The things we should know about Identifiers in CDK to prevent unwanted resource replacement, due to code refactors.",,"[{""S"":""AWS-CDK""}]","2024-06-16T20:29:48.914Z","01EV69ZSM0N4HZ5YZ994ZBW5F2","2022-09-19T11:49:00.000Z","01GDAS90Z0X286EW6CEREQ59N8","https://bobbyhadz.com/blog/aws-cdk-identifiers","1","What is an identifier (id) in AWS CDK - Complete Guide"
"Enterprises often need to standardize their infrastructure as code (IaC) for governance, compliance, and quality control reasons. You also need to manage and centrally publish updates to your IaC libraries. In this post, we demonstrate how to use the AWS Cloud Development Kit (AWS CDK) to define patterns for IaC and publish them for consumption in controlled releases using AWS CodeArtifact.",,"[{""S"":""AWS-CDK""},{""S"":""Pipelines""}]","2024-06-16T20:29:32.438Z","01EV69ZSM0EJCNR5HT86AJEZTC","2021-02-25T11:00:00.000Z","01EZCDGWW07DPKFGGWE9QCJ5X6","https://aws.amazon.com/blogs/devops/developing-application-patterns-cdk","1","Developing enterprise application patterns with the AWS CDK"
"When CDK launched in 2019, I remember reading the announcement and thinking, Ok, AWS wants their own Terraform-esque tool. I finally decided to give CDK a go for one of my projects. Here is what I discovered.",,"[{""S"":""AWS-CDK""}]","2024-06-16T20:29:35.537Z","01EV69ZSM0S7V76B63BBG2GV7J","2021-04-11T12:00:00.000Z","01F30CV3G08A5Q0ZFS1X1QDARW","https://www.packetmischief.ca/2021/04/11/aws-cdk-now-i-get-it/","1","AWS Cloud Development Kit - Now I Get It"
"AWS Online Tech Talk about CI/CD pipelines in AWS CDK with live demo and example code repo",,"[{""S"":""AWS-CDK""},{""S"":""Video""},{""S"":""Python""},{""S"":""CI/CD""}]","2024-06-16T20:29:19.996Z","01EJECPG0091M6J0D8H04AX3KT","2020-09-18T17:00:00.000Z","01EJH2H2M086HS2N9PGYP37737","https://youtu.be/1ps0Wh19MHQ","1","Enhanced CI/CD with AWS CDK"
"Recently I converted my pet project Infra as Code from shell to CDK with TypeScript. The biggest challenges I faced are shared in this technical blog post.","content/banners/my-experience-on-iac-with-aws-cdk-plus-tips-and-tricks/banner.png","[{""S"":""AWS-CDK""},{""S"":""TypeScript""},{""S"":""Developer Experience""},{""S"":""IoT Core""},{""S"":""CloudFront""},{""S"":""CI/CD""}]","2024-06-16T20:29:47.731Z","01G5JR03H0RWY9FZBJ0R9YJSWR","2022-06-14T01:15:00.000Z","01G5FWEDH0TZ36FEZCC5YGNWDE","https://medium.com/@claude.ducharme/my-experience-on-infra-as-code-with-aws-cdk-tips-tricks-c967fe357133","1","My experience on Infra as Code with AWS CDK + Tips & Tricks"
"Adding the SWC TypeScript transpiler to your AWS CDK apps will speed up the time it takes to run a cdk command.",,"[{""S"":""AWS-CDK""}]","2024-06-16T20:29:52.064Z","01G872SSR0S3CQSNJ2GK06KT2N","2023-07-18T19:19:00.000Z","01H5N72250G3EXQ40G353N37DV","https://aws.plainenglish.io/speed-up-aws-cdk-deploys-up-to-80-c47afad1c18c","1","Speed up AWS CDK deploys up to 80%"
"In this tutorial we look at how you can create a GraphQL endpoint using AWS AppSync and CDK. We'll be using SST to build and test our endpoints locally.","content/banners/build-and-test-appsync-locally-in-cdk/share.jpg","[{""S"":""AWS-CDK""},{""S"":""AppSync""}]","2024-06-16T20:29:40.154Z","01F6HJWVW0GC3TBG181RWRZK1E","2021-06-08T11:00:00.000Z","01F7NMEXW0800714H96F1ZJ26K","https://serverless-stack.com/examples/how-to-create-a-serverless-graphql-api-with-aws-appsync.html","1","Build and Test Appsync Locally in CDK"
"Martin presents how to build a DynamoDB to Quicksight stack with the CDK.",,"[{""S"":""AWS-CDK""}]","2024-06-16T20:29:35.235Z","01EV69ZSM06P6FS4B1H24RXHMJ","2021-04-08T12:00:00.000Z","01F2RNMYG0KWC34DQ9R0XKTPXZ","https://martinmueller.dev/cdk-ddb-quicksight-eng","1","AWS DynamoDB Analysis with QuickSight and AWS CDK"
"This post will look at how aspects of AWS CDK can help us enforce compliance.",,"[{""S"":""AWS-CDK""}]","2024-06-16T20:29:43.448Z","01EV69ZSM0CP6F93E5553C5D7H","2022-01-24T18:00:00.000Z","01FT6KX980A91G5TGZ0RBKJQJC","https://dev.to/aws-builders/enforcing-compliance-with-aws-cdk-aspects-1goo","1","Enforcing compliance with AWS CDK Aspects"
"Buttonize helps developers and companies using AWS solve the painful problem of internal tooling. Internal tooling is a perennial problem. We all have these temporary tools in our companies that have been around forever with so much tech debt that everybody is afraid to touch the code.",,"[{""S"":""AWS-CDK""},{""S"":""TypeScript""},{""S"":""DevTooling""}]","2024-06-16T20:29:55.767Z","01HSR59XG0Y1DAHSPV81B1QTN7","2024-03-18T09:00:00.000Z","01HS8CM0M0RW6M58RM9GVV2VVZ","https://dev.to/filippyrek/build-your-own-little-aws-console-in-cdk-with-buttonize-2g39","1","Build your own little AWS Console in CDK with Buttonize"
"In this chapter we'll look at how to create a CDK app that dynamically generates social cards for your website or blog.","content/banners/dynamically-generate-social-share-images-with-cdk/share.png","[{""S"":""AWS-CDK""},{""S"":""SST""}]","2024-06-16T20:29:40.440Z","01F6HJWVW0GC3TBG181RWRZK1E","2021-06-29T17:00:00.000Z","01F9CBD6M0C3AMSBA39KBEG3YY","https://serverless-stack.com/chapters/dynamically-generate-social-share-images-with-serverless.html","1","Dynamically Generate Social Share Images with CDK"
"In this blog post, we will create an awesome React TypeScript App hosted in an S3 static website bucket. For that we will use AWS CDK and Projen.",,"[{""S"":""AWS-CDK""},{""S"":""Projen""},{""S"":""Typescript""},{""S"":""React""}]","2024-06-16T20:29:37.417Z","01EV69ZSM06P6FS4B1H24RXHMJ","2021-04-29T12:00:00.000Z","01F4ER01G0NM381QCKS9EPYCPX","https://hands-on.cloud/building-s3-static-website-with-aws-cdk-and-projen/","1","Building S3 Static Website with AWS CDK and Projen"
"In this workshop we will be building the infrastructure for a Coffee Listing application. You will be able to upload, list and vote on coffee photos, while deployinig everything to the cloud with AWS CDK.","content/banners/extended-cdk-workshop/header.jpg","[{""S"":""AWS-Workshop""},{""S"":""AWS-CDK""},{""S"":""TypeScript""},{""S"":""Python""},{""S"":""JSII""},{""S"":""Developer Experience""},{""S"":""CDK-Pipelines""},{""S"":""CodePipeline""},{""S"":""CodeArtifact""},{""S"":""Python""},{""S"":""Cloud9""}]","2024-06-16T20:29:53.637Z","01H7AY0S00PCGFF6ECAC0RXD8E","2023-08-08T16:00:00.000Z","01H7AY0S00Y89K4EXRB118F59T","https://catalog.us-east-1.prod.workshops.aws/workshops/071bbc60-6c1f-47b6-8c66-e84f5dc96b3f/en-US","1","Extended CDK Workshop"
"In 2019, I worked as a Developer when I decided to change my profile and become an AWS Architect. I started working with the CDK in October 2019. I learned a lot from the CDK and from the AWS itself.","content/banners/what-i-learned-using-the-aws-cdk-in-the-past-year/header.png","[{""S"":""AWS-CDK""},{""S"":""Python""},{""S"":""CloudFormation""},{""S"":""NestedStack""}]","2024-06-16T20:29:27.393Z","01E20JEHW0M8YH778FCKWYMXB9","2020-12-11T11:00:00.000Z","01ES8QA8W0MJZWVK4CDS8S29H9","https://www.sentiatechblog.com/what-i-learned-using-the-aws-cdk-in-the-past-year","1","What I learned using the AWS CDK in the past year"
"CDK is a great tool to create your application resources using programming languages. Here are five reasons for your own construct library.",,"[{""S"":""AWS-CDK""}]","2024-06-16T20:29:32.709Z","01F1CJK4M0VZQXAQ0KGRF9Z0NY","2021-03-22T18:00:00.000Z","01F1DHFX80Y7WETSYDPWFHQTHH","https://dev.to/mathiasdpunkt/five-reasons-for-writing-a-custom-cdk-construct-library-1pni","1","Five reasons for writing a custom CDK Construct Library"
"In this article, we’ll show how to build and package Lambda functions written in Java with external dependencies via AWS CDK. You can download the code used in this walkthrough from the project’s GitHub repo.",,"[{""S"":""AWS-CDK""}]","2024-06-16T20:29:19.197Z","01EV69ZSM0ANYHA4T4PCBDT01T","2020-05-03T21:00:00.000Z","01E7E5DB405Q0KC0N9MS5WZVS9","https://aws.amazon.com/blogs/opensource/packaging-and-deploying-aws-lambda-functions-written-in-java-with-aws-cloud-development-kit/","1","Packaging and deploying AWS Lambda functions written in Java with AWS Cloud Development Kit"
"In this post I'll describe how to create a simple Elastic Beanstalk application using the AWS CDK that you can use to deploy a compatible web application.",,"[{""S"":""AWS-CDK""},{""S"":""Pipelines""}]","2024-06-16T20:29:33.037Z","01EV69ZSM0BN8D09GR1X9Z1JFJ","2021-03-24T11:00:00.000Z","01F1HY89W08BDAVJS89E0MQVAC","https://dev.to/raucoustortoise/deploying-an-elastic-beanstalk-application-using-the-aws-cdk-2joo","1","Deploying an Elastic Beanstalk Application Using the AWS CDK"
"How to ship infrastructure like you ship your code using GitHub, Travis CI and CDK.","content/banners/aws-cdk-continuous-integration-and-delivery-using-travis-ci/header.jpg","[{""S"":""AWS-CDK""},{""S"":""CI/CD""}]","2024-06-16T20:29:26.698Z","01EV69ZSM0TXD7KQSYCNWQJ6DE","2020-12-09T11:00:00.000Z","01ES3JGTW0NMAF6VNK0YXRAMAQ","https://medium.com/better-programming/aws-cdk-continuous-integration-and-delivery-using-travis-ci-ee5dd7549434","1","AWS CDK Continuous Integration and Delivery Using Travis CI"
"A getting started guide that builds a servelss app to using EventBridge, Lambda & s3 while introducing how to create, configure, test and deploy a CDK project using Python",,"[{""S"":""AWS-CDK, Python""}]","2024-06-16T20:29:36.382Z","01EWYYQKM05392T8V39KQ2V56X","2021-04-21T12:00:00.000Z","01F3T4T9G0W12SEWEPB6GMWXQQ","https://cloudbytes.dev/articles/aws-cdk-building-a-eventbridge-scheduled-lambda-that-reads-and-writes-to-s3","1","AWS CDK: Building a EventBridge scheduled Lambda that reads and writes to s3"
"In this post I am going to use CDK Pipelines to build a demo Flutter application hosted on AWS S3 with a Backend powered by AWS Lambda (using Function URLs). The CDK code will be in Java, the Lambda functions in Typescript and the WebApp in Dart. Why? Because I love trying out things.","content/banners/flutter-web-deployment-using-cdk-pipelines/header.png","[{""S"":""AWS-CDK""},{""S"":""TypeScript""},{""S"":""Developer Experience""},{""S"":""Java""},{""S"":""Codepipeline""}]","2024-06-16T20:29:46.748Z","01G4F10SC04QEH5J1AY5YXM59V","2022-06-02T07:00:00.000Z","01G4HKDGC09Y22K7Q0PY1V3698","https://www.lockhead.info/index.php/2022/06/02/building-a-flutter-application-for-web-with-aws-lambda-function-url-backend-using-aws-cdk-pipelines-written-in-java/","1","Building a Flutter application (for Web) with AWS Lambda Function URL backend using AWS CDK Pipelines (written in Java)"
"AWS Workbench is an Integrated Development Environment for designing and deploying AWS Infrastructure. AWS Workbench is based AWS CDK and Eclipse Sirius","content/banners/aws-workbench/share.png","[{""S"":""AWS-CDK""},{""S"":""Eclipse Sirius""}]","2024-06-16T20:29:33.552Z","01F1MQGR402EMABB3ZJTDFCAWK","2021-03-25T13:00:00.000Z","01F1MQGR4043ERAPPVMVV3DHJV","https://aws-workbench.github.io/","1","AWS Workbench - A design to deploy IDE for AWS"
"Ephemeral CDK Stacks as a Service",,"[{""S"":""AWS-CDK""},{""S"":""Lambda""},{""S"":""Typescript""},{""S"":""CI/CD""}]","2024-06-16T20:29:51.665Z","01EV69ZSM0J75DZJRFEY8PNKSB","2023-06-29T12:00:00.000Z","01H43GCJG0AS0FEMAFQAGM02H5","https://matt.martz.codes/destroy-their-stacks-ephemeral-cdk-stacks-as-a-service","1","Destroy THEIR Stacks - Ephemeral CDK Stacks as a Service"
"AWS is announcing the public preview of AWS Serverless Application Model CLI (AWS SAM CLI) support for local development and testing of AWS Cloud Development Kit (AWS CDK) projects. AWS SAM and AWS CDK are both open-source frameworks for building applications using infrastructure as code (IaC).",,"[{""S"":""AWS-CDK""},{""S"":""AWS-SAM""}]","2024-06-16T20:29:37.405Z","01EKCMVY80RR7QCNN208J7F2HG","2021-04-29T12:00:00.000Z","01F4ER01G09S4MF0DF3HKQFXZJ","https://aws.amazon.com/blogs/compute/better-together-aws-sam-and-aws-cdk/","1","Better together: AWS SAM and AWS CDK"
"I got the chance to speak about my current favourite subject (CDK) in detail! The event was a 2 hour intense deep dive (with demos) into what CDK is all about, why & how we use it at Alma Media, important concepts and finally some considerations for complex projects","content/banners/aws-community-nordics-2020/share.png","[{""S"":""AWS-CDK""},{""S"":""Video""}]","2024-06-16T20:29:22.521Z","01EK84NP00SNX7M205W39KWN4V","2020-09-27T16:00:00.000Z","01EK84NP002MGH6TSEEWG089VT","https://aripalo.com/speaking/2020/aws-community-nordics-cdk-special","1","AWS Community Nordics 2020 Virtual Event: CDK Special"
"After a fantastic CDK Day, it's time to unpack all the announcements, cool tools and demos shared during the presentations. So let's start with the biggest one of them all, the release of the Developer Preview of AWS CDK v2.",,"[{""S"":""AWS-CDK""}]","2024-06-16T20:29:37.980Z","01EKCMVY806EEJN09TXCFPDXNP","2021-05-03T12:00:00.000Z","01F4S1JXG0H55YFRAHMM40NHGR","https://edwinradtke.com/aws-cdk-v2-dp","1","Summary: AWS CDK v2 Developer Preview announcement"
"If the CDK was a band, I’d be a groupie. If it was a football team I’d buy a season pass. If the CDK was a movie star I’d wait in line for an autograph. I really, really like the CDK. In this post I’ll tell you why.","content/banners/why-i-love-the-cdk/banner.jpg","[{""S"":""AWS-CDK""},{""S"":""Python""}]","2024-06-16T20:29:34.675Z","01E4WV0ZC02CHNVBCADN71Y0WH","2021-04-01T21:00:00.000Z","01F27KRP40F19TH707YHSEXBSW","https://www.sentiatechblog.com/why-i-love-the-cdk","1","Why I love the CDK"
"After reading this blog post, you'll learn how to build a Scheduled Fargate Task with AWS CDK",,"[{""S"":""AWS-CDK""}]","2024-06-16T20:29:42.021Z","01G9Q1EP40BTK0MJYMYYAYCC7C","2021-10-27T04:04:00.000Z","01FJZYPHW0C3G5P8Z18R87VV8J","https://towardsthecloud.com/aws-cdk-scheduled-fargate-task","1","Scheduled Fargate Task example in AWS CDK"
"In this blog post, we will walk you through an optimized AWS CDK project structure and explain the features and decisions behind organizing it in this manner.",,"[{""S"":""AWS-CDK""}]","2024-06-16T20:29:51.653Z","01G9Q1EP40BTK0MJYMYYAYCC7C","2023-03-18T12:52:00.000Z","01GVTCDRC0CGWYJXAGD2RV0NV4","https://towardsthecloud.com/aws-cdk-project-structure","1","Optimize your AWS CDK Project Structure for Growth"
"Learn about the new feature to reference and customize CloudFormation resources generated by AWS Chalice as native CDK objects","content/banners/cdk-chalice-adds-support-for-accessing-chalice-generated-cloudformation-resources/cloudformation-import.png","[{""S"":""AWS Cloud Development Kit""},{""S"":""AWS Chalice""},{""S"":""cdk-chalice""}]","2024-06-16T20:29:24.066Z","01EKPYET807MMHH46QSX1F2X63","2020-10-03T10:00:00.000Z","01EKPYET80PKHA70ER638JQ1VX","https://softwhat.com/cdk-chalice-adds-support-for-accessing-chalice-generated-cloudformation-resources/","1","cdk-chalice Adds Support for Accessing Chalice-generated CloudFormation Resources"
"For this blog post, I want to show this based on a simple sample application that runs an nginx Webserver using ECS and Fargate and has an ApplicationLoadBalancer as an entry point. Using the ECS patterns library of the CDK, this is only one construct named ApplicationLoadBalancedFargateService and has a few settings like container image, number of containers and potentially fixed domain names.",,"[{""S"":""AWS-CDK""}]","2024-06-16T20:29:31.530Z","01EV69ZSM0MM6EBAYQYT89EFVG","2021-01-29T18:00:00.000Z","01EX7MTH80GTECD6JR0NPPK74Z","https://taimos.de/blog/deploying-your-cdk-app-to-different-stages-and-environments","1","Deploying your CDK app to different stages and environments"
"When creating L3 constructs for the AWS CDK, the easiest thing to get wrong is defining dependencies. And with wrong dependency definitions you make it hard to impossible to use your package. This post will show how you correctly define CDK dependencies.",,"[{""S"":""AWS-CDK""},{""S"":""Dependency""}]","2024-06-16T20:29:27.910Z","01EV41WNG0FW95CCWRSNETK2F4","2020-12-28T21:00:00.000Z","01ETNJD440NK9NGBF188REJJM6","https://dev.to/udondan/correctly-defining-dependencies-in-l3-cdk-constructs-45p","1","Correctly defining CDK dependencies in L3 constructs"
"An example on how to deploy and use internal packages as Lambda Layers. The post also covers potential mistakes that can be made during development with an exploration on why those mistakes can be easily missed.",,"[{""S"":""AWS-CDK""},{""S"":""TypeScript""},{""S"":""Lambda""}]","2024-06-16T20:29:48.200Z","01G61DS270KJC9WHQ1N0HM38HN","2022-06-19T09:00:00.000Z","01G5XK1EM08YHK57JENNJJDYEX","https://www.shawntorsitano.com/2022/06/19/creating-lambda-layers-with-typescript-and-cdk-the-right-way/","1","Creating Lambda Layers with TypeScript and CDK - The Right Way"
"In this talk, I will explore how the CDK solves these problems and brings infrastructure-as-code closer to DevOps engineers than ever before. I will cover three segments: the power of a multi-language framework, the benefits of applying unit testing to your infrastructure and applying the time-proven concepts of object oriented design and DRY to your infrastructure-as-code.",,"[{""S"":""AWS-CDK""}]","2024-06-16T20:29:38.606Z","01E4WV0ZC02CHNVBCADN71Y0WH","2021-05-20T21:00:00.000Z","01F65S7X4030T25J2DBVK3DK5R","https://www.youtube.com/watch?v=tiyjhWTSExg","1","The CDK will enable a new generation of Serverless Developers"
"Join me on my experience with decoupling my CDK stacks via EventBridge :)","content/banners/cdk-eventbridge/dia.png","[{""S"":""AWS-CDK""},{""S"":""Typescript""}]","2024-06-16T20:29:42.566Z","01EV69ZSM06P6FS4B1H24RXHMJ","2021-11-14T06:00:00.000Z","01FMEGFWR0N0DZR3RA16WSPPXZ","https://martinmueller.dev/cdk-eventbridge-eng/","1","Asynchronous Communication with AWS CDK EventBridge"
"Customers often need to architect solutions to support components across multiple cloud service providers. In this post, you will learn how to use the AWS CDK to create a single pane of glass for managing your multicloud resources.",,"[{""S"":""AWS-CDK""},{""S"":""typescript""},{""S"":""cloudFormation""},{""S"":""constructs""},{""S"":""multicloud""}]","2024-06-16T20:29:53.933Z","01HAKR96M0QKNFSC9N3CJHQN6T","2023-09-08T09:00:00.000Z","01H9T0A0M0MJJ26ZNXC3RM2VYN","https://aws.amazon.com/blogs/devops/using-aws-cloudformation-and-aws-cloud-development-kit-to-provision-multicloud-resources/","1","Using AWS CloudFormation and AWS Cloud Development Kit to provision multicloud resources"
"Part 1 of a series of post that shows how to create a WebRTC SaaS offering in AWS",,"[{""S"":""AWS-CDK""},{""S"":""OpenSource""},{""S"":""Devops""}]","2024-06-16T20:29:44.727Z","01EPRWZZW0MWWB9VD25YXDF0CT","2022-05-26T10:00:00.000Z","01G3ZWY280E4FJVTCZEXH998KA","https://dev.to/kristianpaul/hosting-an-open-source-webrtc-as-a-service-with-aws-part-1-1geb","1","Hosting an Open Source WebRTC as a Service with AWS CDK - Part 1 "
"This blog post shows you how to create an Application Load Balanced Fargate Service in AWS CDK",,"[{""S"":""AWS-CDK""}]","2024-06-16T20:29:42.009Z","01G9Q1EP40BTK0MJYMYYAYCC7C","2021-10-25T04:50:00.000Z","01FJTWHB60S3H72MT3TXHKCX8N","https://towardsthecloud.com/aws-cdk-alb-fargate-service","1","Application Load Balanced Fargate Service example in AWS CDK"
"Use CloudFormation custom resources with CDK to create non-AWS resources (datadog, auth0 ...) during the provisioning of your infrastructure.",,"[{""S"":""AWS-CDK""},{""S"":""Datadog""},{""S"":""Cloudformation""}]","2024-06-16T20:29:32.168Z","01EV69ZSM0TXD7KQSYCNWQJ6DE","2021-02-19T11:00:00.000Z","01EYWZ4JW0S5N0GE6SFFE9M6QR","https://medium.com/better-programming/manage-third-party-providers-directly-from-aws-cdk-6afef21c9586?source=friends_link&sk=671a20ed0809e2d7e0fecbc20ad2509e","1","Manage Third-Party Providers Directly From AWS CDK"
"Deploy your application to AWS using the best practices from DevOps, like infrastructure as code and CI/CD. For deploying your application to the cloud you will be using AWS CDK Pipelines.",,"[{""S"":""AWS-CDK""},{""S"":""Pipelines""}]","2024-06-16T20:29:35.804Z","01EV69ZSM0EKQ6D3PA8YHMYV2A","2021-04-15T10:00:00.000Z","01F3AFJ880SSHS790S5C1R2TVS","https://www.youtube.com/watch?v=tw9cQyA3B1M","1","Deploy your application to AWS using CDK Pipelines"
"Update AWS CDK Pipelines to run multiple actions in parallel in one stage.",,"[{""S"":""AWS-CDK""}]","2024-06-16T20:29:31.882Z","01G9Q1EP40BTK0MJYMYYAYCC7C","2021-02-10T06:09:00.000Z","01EY58X930DK8DMESDQNW97H7M","https://towardsthecloud.com/aws-cdk-pipelines-parallel-deploy","1","Deploy stacks in parallel with AWS CDK Pipelines"
"In this article, we create a weather reporting website using CDK and a Step Function.","content/banners/serverless-weather-reporting/header.jpg","[{""S"":""AWS-CDK""},{""S"":""Typescript""},{""S"":""AWS-Step-Functions""},{""S"":""Lambda""},{""S"":""DynamoDB""},{""S"":""EventBridge-Scheduler""}]","2024-06-16T20:29:50.566Z","01GTWF0HR0G06H6HVP9V6TAR1E","2023-03-05T06:00:00.000Z","01GTR5P0R0CYGTB4HXSRD5JW8D","https://www.danielleheberling.xyz/blog/serverless-weather-reporting","1","Serverless Weather Reporting with AWS Step Functions and CDK"
"What better way to celebrate CDK Day than to return to a previous blog where I wrote about automating the installation and configuration of Amazon Managed Workflows for Apache Airflow (MWAA), and take a look at doing the same thing but this time using AWS CDK.",,"[{""S"":""AWS-CDK""}]","2024-06-16T20:29:37.104Z","01EV69ZSM0TW0JNM31E5X7EGJT","2021-04-28T17:00:00.000Z","01F4CPRMM01NNGPZWSEG42PM3N","https://blog.beachgeek.co.uk/posts/using-aws-cdk-to-deploy-your-amazon-managed-workflows-for-apache-airflow-environment-12cf","1","Using AWS CDK to deploy your Amazon Managed Workflows for Apache Airflow environment"
"From my long todo list, I found a topic related to OAuth 2.0 that I have always wanted to do. It's a perfect timing to try and see how to implement a CloudFront Extension solution in AWS CDK.",,"[{""S"":""AWS-CDK""}]","2024-06-16T20:29:38.296Z","01EKCMVY80KXDB3R3JA7X2DXPW","2021-05-04T17:00:00.000Z","01F4W54YM01H3EEFRA38DG352J","https://dev.to/dwchiang/using-aws-cdk-to-deploy-static-website-ft-oauth-2-0-authorization-code-36h6","1","How to Deploy Static Website with OAuth 2.0 Authorization, CloudFront CDN in 20 Minutes?"
"in this post, we will be deploying the CDK application we built earlier to AWS using CDK pipelines.",,"[{""S"":""AWS-CDK""},{""S"":""Pipelines""}]","2024-06-16T20:29:39.153Z","01EV69ZSM0CXXJC7VRF47SA4BX","2021-05-21T17:00:00.000Z","01F67XX5M0PX2VSZFHY5KAMK8N","https://phatrabbitapps.com/cdk-pipelines-continuous-delivery-for-aws-cdk-applications","1","CDK Pipelines: Continuous delivery for AWS CDK applications"
"Learn how to setup debugging for CDK python projects in Visual Studio Code.",,"[{""S"":""AWS-CDK""},{""S"":""Python""},{""S"":""Visual Studio Code""}]","2024-06-16T20:29:23.419Z","01EKCMVY806QZAGMH35C6ZPSQP","2020-09-29T10:00:00.000Z","01EKCMVY806FN7CXJY147GN4HB","https://www.sentiatechblog.com/debugging-a-cdk-python-project-in-visual-studio-code","1","Debugging a CDK Python project in Visual Studio Code"
"This blog will break down each AWS service using the ECS Fargate pattern with Application Load Balancer.","content/banners/demystifying-aws-cdk-ecs-pattern/share.jpg","[{""S"":""AWS-CDK""}]","2024-06-16T20:29:54.937Z","01HHFX8N40CE8QXAAQCEN1S482","2023-12-12T21:00:00.000Z","01HHFX8N40SJTFAQ1FB712DCAF","https://medium.com/@jolodev/demystifying-aws-cdks-ecs-pattern-e58315972544","1","Demystifying AWS CDK's ECS Pattern"
"I have developed a GitHub workflow that automatically tests the compatibility of my custom constructs against the new version",,"[{""S"":""AWS-CDK""},{""S"":""Custom""},{""S"":""Typescript""}]","2024-06-16T20:29:38.583Z","01EV69ZSM06P6FS4B1H24RXHMJ","2021-05-18T12:00:00.000Z","01F5ZNHPG03D0XKF6YH4HK96N5","https://martinmueller.dev/cdk-construct-checker-eng/","1","AWS CDK Custom Construct Versions Checker"
"If you're looking for a better understanding on how CDK works under the hoods, you're in the right place. In this video we will cover some internal aspects of CDK.",,"[{""S"":""AWS-CDK""}]","2024-06-16T20:29:36.079Z","01EV69ZSM0HVHX3DY19FBJ5CRP","2021-04-19T17:00:00.000Z","01F3NH65M0Q6C3SEWPKYDT2TS2","https://www.youtube.com/watch?v=X8G3G3SnCuI","1","Exploring CDK Internals"
"I am checking out the AWS CDK to deploy serverless applications. But having used Serverless Framework a lot, I find the AWS CDK very noisy and invasive in some of my projects. It doesn't have to be though.",,"[{""S"":""AWS-CDK""},{""S"":""Developer Experience""}]","2024-06-16T20:29:49.173Z","01GNSPSYM0R475EB51022QC06K","2023-01-02T17:00:00.000Z","01GNSPSYM0730XJ7RHCWCRT0PY","https://mnapoli.fr/single-file-cdk/","1","Simpler single-file AWS CDK deployments"
"Context is a combination of key-value pairs we can set in our CDK application. Context is similar to environment variables, in that both are accessible at synthesis time.",,"[{""S"":""AWS-CDK""}]","2024-06-16T20:29:36.832Z","01EV69ZSM0N4HZ5YZ994ZBW5F2","2021-04-23T17:00:00.000Z","01F3ZTS1M07XA3BKKEJ1XHQR1J","https://bobbyhadz.com/blog/how-to-use-context-aws-cdk","1","How to use Context in AWS CDK"
"Learn how to build a Bitbucket OpenID Connect (OIDC) with AWS CDK and create a Bitbucket pipeline to authenticate with AWS and deploy CDK stacks.",,"[{""S"":""AWS-CDK""}]","2024-06-16T20:29:43.469Z","01G9Q1EP40BTK0MJYMYYAYCC7C","2022-03-17T07:35:00.000Z","01FYBCT850H7PGZYYJZJ39ERZ3","https://towardsthecloud.com/aws-cdk-openid-connect-bitbucket","1","Configure OpenID Connect for Bitbucket in AWS CDK"
"Learn how to build a GitHub OpenID Connect (OIDC) with AWS CDK and create a GitHub Action workflow to authenticate with AWS.",,"[{""S"":""AWS-CDK""}]","2024-06-16T20:29:43.459Z","01G9Q1EP40BTK0MJYMYYAYCC7C","2022-03-10T07:18:00.000Z","01FXSB232034ZVYTZ454SR7ZT6","https://towardsthecloud.com/aws-cdk-openid-connect-github","1","Configure OpenID Connect for GitHub in AWS CDK"
"In short, ~50% of the ecosystem is on the CURRENT minor version.","content/banners/projen-1yr-after-projens-debut/banner.png","[{""S"":""AWS-CDK""},{""S"":""Typescript""},{""S"":""JSII""},{""S"":""Projen""}]","2024-06-16T20:29:43.764Z","01EV6RZH60MP3QQ79NXAN06PVY","2022-03-27T15:16:00.000Z","01FZ5Z5HW0EYPX1VFA7M0M6A5G","https://dev.to/aws-builders/1yr-after-projen-s-debut-19pf","1","1yr after projen's debut"
"By default amazontextract handles 1 PDF as a whole but in the real world, we scan a set of hashtag#forms, survey or assignments, and wants to extract the individual document values into a row in Excel. Also, we want to have the high level output for multiple choice and true or false question but hashtag#textract just tell the checkbox is checked or not the output the answer of those question. Here is our solution to convert low level output into meaningful report plus images enhancement and hashtag#ocr.",,"[{""S"":""AWS-CDK""},{""S"":""typescript""},{""S"":""Amazon-textract""},{""S"":""machine-learning""}]","2024-06-16T20:29:44.419Z","01G2J6CA00K4RY23XZFM12C3WP","2022-05-01T12:00:00.000Z","01G1ZQVTG0PEN9HDQZDNDD0Z2J","https://www.linkedin.com/pulse/how-build-automatic-grading-solution-handwriting-aws-wong/","1","How to build an automatic grading solution for handwriting assessments with Amazon Textract and AWS CDK?"
"A look into cloud-native API development without a full framework.",,"[{""S"":""AWS-CDK""},{""S"":""typescript""},{""S"":""api""},{""S"":""lambda""}]","2024-06-16T20:29:40.165Z","01EV69ZSM0AGJPW46GAVRXY12K","2021-06-12T12:00:00.000Z","01F801FNG0RPY5J5ZR4GFPK48Z","https://spiegelmock.com/2021/05/29/frameworkless-web-applications-aws-cdk/","1","TypeScript API Anti-Framework"
"In this course, Tomasz Łakomy will guide you through using TypeScript to complete the lifecycle of an application powered by AWS CDK v2. You'll see how to start a project, develop it locally, deploy it globally, and then tear it all down when you're done.",,"[{""S"":""AWS-CDK""},{""S"":""typescript""},{""S"":""course""}]","2024-06-16T20:29:54.273Z","01HFV43XM0GYX9JSPFVRXPYH5B","2023-11-23T09:00:00.000Z","01HFXPGMM0PPDYRBGP8CEC6A3Y","https://egghead.io/courses/full-stack-typescript-with-aws-cloud-development-kit-v2-2daa5cf1?af=6p5abz","1","Full Stack TypeScript with AWS Cloud Development Kit"
"A Step-by-step Guide to Build a Serverless App in the Cloud.",,"[{""S"":""AWS-CDK""}]","2024-06-16T20:29:52.053Z","01G872SSR0S3CQSNJ2GK06KT2N","2023-07-18T19:19:00.000Z","01H5N7225083HW1AW6JGBJ14NB","https://medium.com/chapter-by-chapter/aws-cdk-serverless-cookbook-ebook-1d4d4e0488c","1","AWS CDK Serverless Cookbook eBook"
"We will look into creating an AWS Appsync GraphQL API with TypeScript using cdk-appsync-typescript-resolver AWS CDK construct",,"[{""S"":""AWS-CDK""},{""S"":""Appsync""}]","2024-06-16T20:29:52.964Z","01H6VFMF00RS4XAPH4M8YZ37QB","2023-08-02T16:00:00.000Z","01H6VFMF006PXTQZQBAM2H9PBX","https://dev.to/sudokar/simplify-aws-appsync-graphql-api-creation-with-strongly-typed-typescript-resolvers-g7b","1","Simplify AWS Appsync GraphQL API creation with strongly typed Typescript resolvers"
"CloudFormation Nested Stacks are great when you want to separate logical resources in your stack and reference those resources in other nested stacks. Ryan shows in this post how to use Nested Stacks with the CDK.",,"[{""S"":""AWS-CDK""}]","2024-06-16T20:29:32.450Z","01EK883HM0Q4RJQD636VHPK6XG","2021-03-19T18:00:00.000Z","01F15T9R80EVB24BYSCGS2RPCC","https://dev.to/ryands17/using-nested-stacks-with-aws-cdk-4akc","1","Using Nested Stacks with AWS CDK"
"This article shows a complete example on how to use CDK to deploy a Strapi project on AWS using Serverless components: ECS on Fargate along with a Postgres Aurora Serverless V2 database.",,"[{""S"":""AWS-CDK""},{""S"":""Strapi""},{""S"":""Aurora Serverless V2""},{""S"":""ECS on Fargate""}]","2024-06-16T20:29:49.728Z","01GRRZGHM06WWJQC041V8524CT","2023-02-07T06:00:00.000Z","01GRN7BAR0QD9B4J9E2ESW8BKQ","https://levelup.gitconnected.com/deploying-strapi-cms-on-aws-with-ecs-on-fargate-aurora-serverless-v2-and-cdk-3c9b9ec732a3","1","Deploying Strapi CMS on AWS with ECS on Fargate, Aurora Serverless v2 and CDK"
"Learn to create a JSII module, build and publish it. Create a secure S3 bucket and publish it to multiple languages",,"[{""S"":""AWS-CDK""},{""S"":""jsii""}]","2024-06-16T20:29:20.286Z","01EJECPG00MHA2PX2KA6ZYPN3K","2020-09-18T17:00:00.000Z","01EJH2H2M0JJZA939TTVVS98QJ","https://www.matthewbonig.com/2020/01/11/creating-constructs/","1","How to Create CDK Constructs"
"We can use Docker Compose to create a container with a consistent AWS CDK development environment for Windows, Linux and macOS.",,"[{""S"":""AWS-CDK""},{""S"":""Docker""}]","2024-06-16T20:29:52.075Z","01G872SSR0S3CQSNJ2GK06KT2N","2023-07-18T19:19:00.000Z","01H5N72250EAQMPD5W3ZZNY7M5","https://miguelacallesmba.medium.com/using-docker-for-aws-cdk-development-7054086deb3d","1","Using Docker for AWS CDK development"
"AWS CDK Custom Constructs for QuickSight DataSource and DataSet.",,"[{""S"":""AWS-CDK""},{""S"":""Projen""},{""S"":""QuickSight""}]","2024-06-16T20:29:38.308Z","01EV69ZSM06P6FS4B1H24RXHMJ","2021-05-06T08:00:00.000Z","01F50B1M00C1430XA895655N5A","https://martinmueller.dev/qs-constructs-eng/","1","AWS QuickSight DataSet and DataSource CDK Custom Constructs"
"Blogpost with step-by-step tutorial to create a pipeline in the AWS CDK",,"[{""S"":""AWS-CDK""},{""S"":""Pipelines""}]","2024-06-16T20:29:19.465Z","01EJECPG000WDPBVZHDV3M0PH0","2020-09-18T17:00:00.000Z","01EJH2H2M0VFKJPVEA7WVFDBCB","https://aws.amazon.com/blogs/developer/cdk-pipelines-continuous-delivery-for-aws-cdk-applications","1","CDK Pipelines: Continuous delivery for AWS CDK applications"
"In this post, we’ll be building an AWS AppSync API from scratch using CDK. The post will focus on how to use CDK to deploy AppSync APIs that leverage a variety of AWS services including Amazon DynamoDB and AWS Lambda.","content/banners/async-serverless-apis-with-appsync/appsync.jpg","[{""S"":""API (GraphQL)""},{""S"":""AWS-CDK""},{""S"":""Typescript""}]","2024-06-16T20:29:21.962Z","01EK7PY7G09G0B6VT8Z06W5KBA","2020-09-27T12:00:00.000Z","01EK7PY7G0CE79WANEDSX1BPBV","https://aws.amazon.com/blogs/mobile/building-scalable-graphql-apis-on-aws-with-cdk-and-aws-appsync","1","Building Scalable GraphQL APIs on AWS with CDK, TypeScript, AWS AppSync, Amazon DynamoDB, and AWS Lambda"
"Read on to find out how CDK Patterns released the potential of our engineers, gained industry momentum, and caught the attention of Werner Vogels, CTO of Amazon.",,"[{""S"":""AWS-CDK""}]","2024-06-16T20:29:29.371Z","01EV41WNG0JWGNRAMSRXDMK54R","2021-01-12T18:00:00.000Z","01EVVW2A80GKVBJ9E4B0SS5J8Y","https://aws.amazon.com/blogs/opensource/the-cdk-patterns-open-source-journey/","1","The CDK Patterns open source journey"
"At this moment, Amazon Rekognition Custom Labels is a regional service. We are building real-time AWS DeepRacer analytics with Amazon Rekognition Custom Labels and Amazon Kinesis Video. We hope the solution can be used around the world. To reduce the network latency and make it high availability, we want to deploy the model to all regions with Amazon Rekognition Custom Labels support. At this moment, you cannot copy model to another region directly and you need to rebuild the model in each region. It is time-consuming and error-prone if you do it manually. On the other hand, for the place like Hong Kong, our application needs to call the model in another region, and we don’t know which region is the best.",,"[{""S"":""AWS-CDK""},{""S"":""typescript""},{""S"":""Amazon-Rekognition""},{""S"":""machine-learning""}]","2024-06-16T20:29:44.408Z","01G2J6CA00K4RY23XZFM12C3WP","2022-05-01T12:00:00.000Z","01G1ZQVTG0X4K65V1YK2T4EWPY","https://www.linkedin.com/pulse/globalize-your-amazon-rekognition-custom-labels-aws-wong/","1","Globalize Your Amazon Rekognition Custom Labels with AWS CDK"
"We just published a crash course on the freeCodeCamp.org YouTube channel that will teach you all about the AWS CDK and how to use it.",,"[{""S"":""AWS-CDK""}]","2024-06-16T20:29:43.175Z","01EV69ZSM0J75DZJRFEY8PNKSB","2022-01-20T18:00:00.000Z","01FSWAAD80E5SQCJ0YJ55FS2YH","https://www.freecodecamp.org/news/aws-cloud-development-kit-crash-course/","1","FreeCodeCamp - AWS CDK Crash Course"
"Live coding a CDK CI/CD pipeline",,"[{""S"":""AWS-CDK""},{""S"":""CDK-Pipelines""},{""S"":""Video""}]","2024-06-16T20:29:20.565Z","01EJECPG00KW58NJZ8QRKZX0F6","2020-09-18T17:00:00.000Z","01EJH2H2M0QYHKJJ9ZNH911MH4","https://www.twitch.tv/videos/737014680","1","Let's Check out CDK Pipelines"
"Check out this really detailed step by step walkthrough of building a Serverless Application on AWS.",,"[{""S"":""AWS-CDK""},{""S"":""Serverless""}]","2024-06-16T20:29:37.695Z","01EV69ZSM07CRS8CE39A9Q212Q","2021-04-30T17:00:00.000Z","01F4HVJ2M0HVVXP1VSETNG3S66","https://leewc.com/articles/hands-on-serverless-with-aws-cdk-typscript","1","Hands-on AWS CDK for Serverless"
"In this post we are going to use the AWS CDK to build an AWS Lambda Function that triggers from DynamoDB Stream Events.",,"[{""S"":""AWS-CDK""}]","2024-06-16T20:29:38.572Z","01EV69ZSM0T3NNZC02ESQA70KG","2021-05-14T17:00:00.000Z","01F5NX44M0D7HXE072FJ0QA0YZ","https://dev.to/thealexkates/how-to-trigger-an-aws-lambda-from-a-dynamodb-stream-event-d8","1","How to CDK: Trigger an AWS Lambda Function from a DynamoDB Stream Even"
"The other day I wanted to create an AWS Cognito User Pool with OAuth 2.0 client credential flow using the famous AWS CDK. It is pretty easy but not obvious...","content/banners/create-aws-cognito-userpool-with-oauth-flows-using-cdk/user-pool-resource-server.jpg","[{""S"":""AWS-CDK""},{""S"":""AWS Cognito""},{""S"":""OIDC""},{""S"":""TypeScript""},{""S"":""Example""}]","2024-06-16T20:29:24.710Z","01EM2ACAG0BEA8SJMW0FQCZ56X","2020-10-03T23:00:00.000Z","01EKRB31C0ES8W2ZZRHHG8Z2VP","https://alexanderzeitler.com/articles/create-aws-cognito-userpool-with-oauth-flows-using-cdk/","1","Creating an AWS Cognito user pool with OAuth flows using AWS CDK"
"Let's see something today that we have all done manually in the past, creating thumbnails for images for profile pic uploads in S3.","content/banners/generating-thumbnails-via-s3-events-using-aws-cdk/banner.png","[{""S"":""AWS-CDK""},{""S"":""Typescript""},{""S"":""Example""}]","2024-06-16T20:29:23.101Z","01EK883HM0Q4RJQD636VHPK6XG","2020-09-27T17:00:00.000Z","01EK883HM0Y8GHQXYC03H10WY9","https://dev.to/ryands17/generating-thumbnails-via-s3-events-using-aws-cdk-typescript-l1i","1","Generating thumbnails via S3 events using aws-cdk"
"AWS Online Tech Talk: Learn how to deploy your containerized applications to ECS using the AWS CDK",,"[{""S"":""AWS-CDK""},{""S"":""Video""},{""S"":""Python""},{""S"":""ECS""}]","2024-06-16T20:29:20.842Z","01EJECPG00EK8CSYAX39EVMZHF","2020-09-18T17:00:00.000Z","01EJH2H2M0X4GF01SRC2SN75GC","https://youtu.be/NkI5yeMFRK8","1","Supercharging Your ECS Applications with the AWS CDK"
"Make your CDK Pipeline more secure and enterprise ready with CFN Lint",,"[{""S"":""AWS-CDK""}]","2024-06-16T20:29:42.851Z","01EV69ZSM0CPYKN3BA6PWHGYEV","2022-01-16T18:00:00.000Z","01FSJ0QH80B23PFKGSYN4BNQQV","https://yvovanzee.nl/cdk-pipelines-and-cloudformation-linting","1","CDK Pipelines and CloudFormation linting"
"In this guide, you'll learn what AWS CDK is, how you can use it to create your own infrastructure as code, and apply the best practices during development.",,"[{""S"":""AWS-CDK""}]","2024-06-16T20:29:48.211Z","01G9Q1EP40BTK0MJYMYYAYCC7C","2022-07-23T18:11:00.000Z","01G8P42SS0BH6WDE9XB10G0RNZ","https://towardsthecloud.com/aws-cdk","1","What is the AWS CDK? (A beginners guide)"
"In this blog post, we show you how to use the AWS Cloud Development Kit (AWS CDK) with cdk8s and cdk8s+ to deploy a sample Kubernetes workload on an Amazon EKS cluster running Kubernetes pods on AWS Fargate in an enterprise context. This post provides a solution we implemented with one of our enterprise customers.",,"[{""S"":""AWS-CDK""}]","2024-06-16T20:29:37.707Z","01EV69ZSM0ANYHA4T4PCBDT01T","2021-05-01T12:00:00.000Z","01F4KWSFG0H9BY86P43Q8ENZJ2","https://aws.amazon.com/blogs/containers/building-and-deploying-fargate-with-eks-in-an-enterprise-context-using-the-aws-cloud-development-kit-and-cdk8s/","1","Building and deploying Fargate with EKS using the AWS CDK & cdk8s+"
"Automate you Wordpress post creation when you upload a video with AWS CDK","content/banners/wp-post-automation-cdk-eng/wp-aws.jpg","[{""S"":""AWS-CDK""},{""S"":""Typescript""},{""S"":""Wordpress""}]","2024-06-16T20:29:40.711Z","01EV69ZSM06P6FS4B1H24RXHMJ","2021-08-08T05:00:00.000Z","01FCJ23K40V3ETAS50EHHAJGW4","https://martinmueller.dev/wp-post-automation-cdk-eng/","1","Wordpress Posts automated with AWS CDK"
"This blog describes the road I took to move from CDK version 1 to version 2.",,"[{""S"":""AWS-CDK""}]","2024-06-16T20:29:43.186Z","01EV69ZSM0CPYKN3BA6PWHGYEV","2022-01-21T18:00:00.000Z","01FSYWQ480FHHR8RF3BHG9HTT5","https://yvovanzee.nl/cdk-pipelines-and-cloudformation-linting","1","Upgrading CDK from CDKv1 to CDKv2 in existing project"
"Ever wondering how to create a pull request for AWS CDK? In this video, we'll walk you through all the primary steps to submit your first AWS CDK pull request",,"[{""S"":""AWS-CDK""},{""S"":""Video""}]","2024-06-16T20:29:19.730Z","01EJECPG00K1PFWM9B4ZVGGQR5","2020-09-18T17:00:00.000Z","01EJH2H2M0SDM3AWZXS93DCMEX","https://youtu.be/OXQSSibrt-A","1","Contribute to the AWS CDK"
"Until today, the only way to leverage the infrastructure defined in existing templates was the CfnInclude class from the core module, which allowed including a CloudFormation template in a CDK application, and outputting it unchanged. However, this solution has a couple limitations:","content/banners/migrating-cloudformation/banner.png","[{""S"":""AWS-CDK""},{""S"":""Cloudformation""}]","2024-06-16T20:29:25.340Z","01EM2DT640JRTJTGMRB03XMDA8","2020-10-07T21:00:00.000Z","01EM2DT640WFYVG6M8BE6Y2KR0","https://aws.amazon.com/blogs/developer/migrating-cloudformation-templates-to-the-aws-cloud-development-kit/","1","Migrating CloudFormation templates to the AWS Cloud Development Kit"
"Gernot gives a great intro to using the newly released AWS-CDK in Go",,"[{""S"":""AWS-CDK""}]","2024-06-16T20:29:34.961Z","01EV69ZSM0X8ED9S8XGSD5ZX35","2021-04-07T12:00:00.000Z","01F2P387G0QS8FHHYKSSGTHSY1","https://dev.to/aws-builders/easy-going-programming-aws-resources-with-the-cdk-in-go-43k9","1","Easy going - programming AWS Resources with the CDK in GO"
"Sometimes AWS resources are orphaned. This means the CloudFormation stack is destroyed but the resource is retained. This article show how to adopt these orphans into you CDK project.","content/banners/regain-control-over-orphaned-resources-with-cdk/banner.jpg","[{""S"":""AWS-CDK""}]","2024-06-16T20:29:51.210Z","01GV3JD5A0YWA1P4A0J40K250N","2023-03-09T16:18:00.000Z","01GV3JMFP046TR33TNENMS3DT6","https://xebia.com/blog/regain-control-over-orphaned-resources-with-cdk/","1","Regain control over orphaned resources with CDK"
"This blog post shows a complete example of how to share resources between CDK stack, in the same AWS CDK App.",,"[{""S"":""AWS-CDK""}]","2024-06-16T20:29:40.176Z","01G9Q1EP40BTK0MJYMYYAYCC7C","2021-06-23T03:54:00.000Z","01F8VG1NY034K2M97EQSD0F1YH","https://towardsthecloud.com/aws-cdk-share-resources-across-stacks","1","How to share resources across stacks in AWS CDK"
"In this article, we will see how to deploy S3 Object Lambda with CDK and NodeJs runtime.",,"[{""S"":""AWS-CDK""},{""S"":""S3 Object Lambda""},{""S"":""Typescript""}]","2024-06-16T20:29:49.739Z","01GRRZGHM06WWJQC041V8524CT","2023-02-08T06:00:00.000Z","01GRQSR1R00XZV7K2M54HKZ3Z2","https://medium.com/gitconnected/transform-objects-on-the-fly-using-s3-object-lambda-with-nodejs-and-cdk-3f01133d9d18","1","Transform objects on the fly using S3 Object Lambda with NodeJs and CDK"
"Learn how to find security issues and misconfigurations in AWS Cloud Development Kit projects with SemGrep.",,"[{""S"":""AWS-CDK""}]","2024-06-16T20:29:44.043Z","01G0E94VC0VYVB0VV2NSDYANHP","2022-04-12T17:00:00.000Z","01G0FBFFM0B35973MPZEKA331Q","https://blog.aquia.io/blog/2022-02-18-semgrep-cdk/","1","Using SemGrep to find security issues and misconfigurations in AWS Cloud Development Kit projects"
"In this blog post, we will outline how to create a custom IAM role, an AWS Lambda function, and then assign the custom role to the Lambda function in AWS CDK.",,"[{""S"":""AWS-CDK""}]","2024-06-16T20:29:52.098Z","01G9Q1EP40BTK0MJYMYYAYCC7C","2023-07-29T09:03:00.000Z","01H6GE61D0SWN4K8PHGWE17CAS","https://towardsthecloud.com/aws-cdk-custom-role-lambda-function","1","Assign a Custom Role to a Lambda Function with AWS CDK"
"The best part of Hugging Face is for non-ML focus developers to add machine leaning capabilities into their project. And, this CDK Construct let developers add Hugging Face Model with SageMaker Sercerless Inference with 2 lines of code.",,"[{""S"":""AWS-CDK""},{""S"":""typescript""},{""S"":""HuggingFace""},{""S"":""SageMaker-Serverless-inference""},{""S"":""machine-learning""}]","2024-06-16T20:29:44.430Z","01G2J6CA00K4RY23XZFM12C3WP","2022-05-01T12:00:00.000Z","01G1ZQVTG0P2845G0VQY30Y6H2","https://www.linkedin.com/pulse/how-use-hugging-face-sagemaker-serverless-inference-wong/","1","How to use Hugging Face SageMaker Serverless Inference with AWS CDK Construct"
"Let's talk about construct versioning in the AWS CDK (specifically, Typescript).",,"[{""S"":""AWS-CDK""},{""S"":""Github""}]","2024-06-16T20:29:34.686Z","01EJECPG00MHA2PX2KA6ZYPN3K","2021-04-06T12:00:00.000Z","01F2KGVGG0KJWAE20XP171VGRD","https://matthewbonig.com/2021/04/06/automating-construct-publishing/","1","Automating CDK Version Bumping with AWS Serverless and Github"
"In this example we'll look at how to use CDK and SST to deploy a Next.js app to AWS.","content/banners/how-to-deploy-nextjs-to-aws/share.png","[{""S"":""AWS-CDK""},{""S"":""SST""},{""S"":""NEXTJS""}]","2024-06-16T20:29:41.998Z","01F6HJWVW0GC3TBG181RWRZK1E","2021-09-22T17:00:00.000Z","01FG7769M02WXR8MR9JA688JK9","https://serverless-stack.com/examples/how-to-create-a-nextjs-app-with-serverless.html","1","How to deploy Next.js to AWS"
"CDK stacks can be deployed in parallel by generating a cloud assembly output and then specifying the order explicitly.","content/banners/aws-cdk-parallel-deployments/header.png","[{""S"":""AWS-CDK""}]","2024-06-16T20:29:41.036Z","01EV69ZSM0K7CPE40S7EQKHEAV","2021-08-11T20:00:00.000Z","01FCVCSPG07GP5ZWZ3E5HQ8WGC","https://www.rehanvdm.com/blog/cdk-shorts-2-parallel-deployments/index.html?utm_source=cdk-dev","1","AWS CDK Parallel Deployments"
"In this tutorial we look at how you can set breakpoints and debug the Lambda functions in your CDK apps using Visual Studio Code. We use Live Lambda Dev from SST, an open source framework for serverless built using CDK.","content/banners/debug-lambda-functions-in-cdk-with-vscode/share.jpg","[{""S"":""AWS-CDK""},{""S"":""Visual-Studio-Code""}]","2024-06-16T20:29:39.704Z","01F6HJWVW0GC3TBG181RWRZK1E","2021-05-25T11:00:00.000Z","01F6HJWVW0427QYKT43BRSAFKR","https://serverless-stack.com/examples/how-to-debug-lambda-functions-with-visual-studio-code.html","1","Debug Lambda Functions in CDK with VS Code"
"CDK Day happened again on 30th April 2021. We had 22 speakers from across the globe give 18 talks covering AWS CDK, cdk8s, CDK for Terraform and Projen. This article will show some of the talks and go into the stats for how successful the day went. Since this is an event for the community by the community I have tried to be as transparent as possible.",,"[{""S"":""AWS-CDK""},{""S"":""CDK-DAY""}]","2024-06-16T20:29:37.992Z","01EV41WNG0JWGNRAMSRXDMK54R","2021-05-03T17:00:00.000Z","01F4SJR7M0TJ1SHVPXA27SC6YF","https://dev.to/aws-heroes/cdk-day-in-review-21eo","1","CDK Day In Review"
"In this article, you’ll learn how to deploy a production-ready Jenkins instance in just a few lines of code, using the power of the AWS Cloud Development Kit (CDK).",,"[{""S"":""AWS-CDK""},{""S"":""ECS""}]","2024-06-16T20:29:37.969Z","01EV69ZSM0Z0JDNZARPQBKZM9E","2021-05-03T10:00:00.000Z","01F4RTQ680BC503ECF1BWR64WQ","https://tomgregory.com/deploying-jenkins-into-aws-ecs-using-cdk","1","Deploying Jenkins into AWS ECS using CDK"
"This post will delve deeper into a critical aspect of the cdk bootstrap command, its purpose, usage, and how to keep track of its version.",,"[{""S"":""AWS-CDK""}]","2024-06-16T20:29:52.087Z","01G9Q1EP40BTK0MJYMYYAYCC7C","2023-07-22T07:21:00.000Z","01H5Y7J7V09EGYGJJ1TP6D9SXP","https://towardsthecloud.com/aws-cdk-bootstrap","1","AWS CDK Bootstrap: The Why and the How"
"In this blog post, I describe the recommended AWS Cloud Development Kit (AWS CDK) project structure for Python applications.","content/banners/recommended-aws-cdk-project-structure-python/recommended-aws-cdk-project-structure-python.png","[{""S"":""AWS-CDK""},{""S"":""Python""}]","2024-06-16T20:29:41.320Z","01EKPYET807MMHH46QSX1F2X63","2021-08-13T10:00:00.000Z","01FCZF8G80YG3BGRX0D94RDGBH","https://aws.amazon.com/blogs/developer/recommended-aws-cdk-project-structure-for-python-applications/","1","Recommended AWS CDK project structure for Python applications"
"Behind every successful open source project, you’ll find a real problem that needed to be solved. In this post, I will explore one such example through the backstory of the AWS Cloud Development Kit, or AWS CDK for short.",,"[{""S"":""AWS-CDK""},{""S"":""AWS""}]","2024-06-16T20:29:29.078Z","01EKCMVY80ZG21VVTPHC1NVME1","2021-01-12T11:00:00.000Z","01EVV418W0Z0ZK3BP9EDJ91CZH","https://aws.amazon.com/blogs/opensource/working-backwards-the-story-behind-the-aws-cloud-development-kit/","1","Working backwards: The story behind the AWS Cloud Development Kit"
"How to build, test and publish AWS CDK construct from scratch with projen. After watching this video, you will be able to build your custom CDK construct and publish to npm and pypi.",,"[{""S"":""AWS-CDK""},{""S"":""Projen""},{""S"":""Video""}]","2024-06-16T20:29:26.035Z","01EJECPG00K1PFWM9B4ZVGGQR5","2020-11-20T18:00:00.000Z","01EQKD07802SFEECBB6SMS8A14","https://youtu.be/cTsSXYOYQPw","1","Building AWS CDK Construct Library with Projen"
"In this post, we discuss strategies for organizing the development of complex cloud applications with large teams, using the AWS Cloud Development Kit (AWS CDK) as a central technology.",,"[{""S"":""AWS-CDK""}]","2024-06-16T20:29:33.838Z","01EV69ZSM0BWWKRQRBVMX6DVGB","2021-04-01T12:00:00.000Z","01F26MVXG00AJGJ7B4S8QVB0DG","https://aws.amazon.com/blogs/devops/best-practices-for-developing-cloud-applications-with-aws-cdk/","1","Best practices for developing cloud applications with AWS CDK"
"We are all set for the first episode of 'CDK construction zone' - join @NetaNirS, @emeshbi, @rchrdbyd for an hour of cdk brainstorming and coding!",,"[{""S"":""AWS-CDK""},{""S"":""Stream""}]","2024-06-16T20:29:32.157Z","01EV69ZSM0JRM6FTDDN47TY3J9","2021-02-16T18:00:00.000Z","01EYNZZF80KQDNGSS8KWEV2YA3","https://www.twitch.tv/videos/916591005","1","CDK construction zone | S1 Ep 1"
"Install AWS CDK by running the following command in your terminal: npm install -g aws-cdk. Then you can continue to initialize your first project.",,"[{""S"":""AWS-CDK""}]","2024-06-16T20:29:39.714Z","01G9Q1EP40BTK0MJYMYYAYCC7C","2021-05-31T04:13:00.000Z","01F709ZY7075YPEH6FQ9MMXGMJ","https://towardsthecloud.com/install-aws-cdk","1","How to set up AWS CDK - complete guide"
"This guide will show you how you can upgrade an existing AWS CDK v1 app to v2 without breaking its functionality.",,"[{""S"":""AWS-CDK""}]","2024-06-16T20:29:43.480Z","01G9Q1EP40BTK0MJYMYYAYCC7C","2022-03-18T06:04:00.000Z","01FYDT0B402Z7084Z1MV609ZNV","https://towardsthecloud.com/migrate-aws-cdk-v2","1","How to migrate to AWS CDK v2"